[{"student_id":1,"name":"Student_1","class":"C","comprehension":73,"attention":99,"focus":60,"retention":83,"engagement_time":130,"assessment_score":79,"predicted_score":79,"cluster":2},{"student_id":2,"name":"Student_2","class":"A","comprehension":86,"attention":98,"focus":69,"retention":44,"engagement_time":41,"assessment_score":73,"predicted_score":72,"cluster":2},{"student_id":3,"name":"Student_3","class":"C","comprehension":84,"attention":45,"focus":72,"retention":78,"engagement_time":96,"assessment_score":68,"predicted_score":66,"cluster":0},{"student_id":4,"name":"Student_4","class":"C","comprehension":93,"attention":55,"focus":67,"retention":43,"engagement_time":94,"assessment_score":62,"predicted_score":64,"cluster":0},{"student_id":5,"name":"Student_5","class":"A","comprehension":89,"attention":68,"focus":86,"retention":45,"engagement_time":103,"assessment_score":73,"predicted_score":72,"cluster":0},{"student_id":6,"name":"Student_6","class":"A","comprehension":71,"attention":42,"focus":72,"retention":84,"engagement_time":72,"assessment_score":65,"predicted_score":62,"cluster":0},{"student_id":7,"name":"Student_7","class":"C","comprehension":76,"attention":59,"focus":44,"retention":71,"engagement_time":73,"assessment_score":68,"predicted_score":59,"cluster":2},{"student_id":8,"name":"Student_8","class":"B","comprehension":84,"attention":99,"focus":99,"retention":91,"engagement_time":58,"assessment_score":91,"predicted_score":89,"cluster":0},{"student_id":9,"name":"Student_9","class":"C","comprehension":50,"attention":98,"focus":87,"retention":69,"engagement_time":170,"assessment_score":87,"predicted_score":78,"cluster":1},{"student_id":10,"name":"Student_10","class":"C","comprehension":84,"attention":75,"focus":58,"retention":86,"engagement_time":41,"assessment_score":67,"predicted_score":70,"cluster":2},{"student_id":11,"name":"Student_11","class":"C","comprehension":86,"attention":58,"focus":43,"retention":74,"engagement_time":124,"assessment_score":71,"predicted_score":64,"cluster":2},{"student_id":12,"name":"Student_12","class":"C","comprehension":96,"attention":65,"focus":74,"retention":94,"engagement_time":75,"assessment_score":79,"predicted_score":78,"cluster":0},{"student_id":13,"name":"Student_13","class":"A","comprehension":63,"attention":42,"focus":88,"retention":79,"engagement_time":159,"assessment_score":78,"predicted_score":67,"cluster":1},{"student_id":14,"name":"Student_14","class":"C","comprehension":52,"attention":58,"focus":56,"retention":91,"engagement_time":64,"assessment_score":54,"predicted_score":58,"cluster":1},{"student_id":15,"name":"Student_15","class":"B","comprehension":50,"attention":59,"focus":83,"retention":55,"engagement_time":110,"assessment_score":56,"predicted_score":61,"cluster":1},{"student_id":16,"name":"Student_16","class":"A","comprehension":54,"attention":71,"focus":67,"retention":52,"engagement_time":119,"assessment_score":58,"predicted_score":61,"cluster":1},{"student_id":17,"name":"Student_17","class":"B","comprehension":75,"attention":46,"focus":69,"retention":89,"engagement_time":37,"assessment_score":52,"predicted_score":62,"cluster":0},{"student_id":18,"name":"Student_18","class":"B","comprehension":63,"attention":91,"focus":68,"retention":99,"engagement_time":122,"assessment_score":74,"predicted_score":78,"cluster":2},{"student_id":19,"name":"Student_19","class":"B","comprehension":88,"attention":80,"focus":85,"retention":81,"engagement_time":119,"assessment_score":78,"predicted_score":82,"cluster":0},{"student_id":20,"name":"Student_20","class":"B","comprehension":76,"attention":72,"focus":92,"retention":69,"engagement_time":144,"assessment_score":78,"predicted_score":78,"cluster":1},{"student_id":21,"name":"Student_21","class":"A","comprehension":58,"attention":79,"focus":45,"retention":58,"engagement_time":134,"assessment_score":63,"predicted_score":61,"cluster":2},{"student_id":22,"name":"Student_22","class":"A","comprehension":64,"attention":78,"focus":74,"retention":56,"engagement_time":164,"assessment_score":79,"predicted_score":70,"cluster":1},{"student_id":23,"name":"Student_23","class":"B","comprehension":64,"attention":57,"focus":99,"retention":95,"engagement_time":87,"assessment_score":77,"predicted_score":74,"cluster":1},{"student_id":24,"name":"Student_24","class":"B","comprehension":75,"attention":79,"focus":80,"retention":58,"engagement_time":143,"assessment_score":71,"predicted_score":74,"cluster":2},{"student_id":25,"name":"Student_25","class":"A","comprehension":91,"attention":40,"focus":76,"retention":67,"engagement_time":104,"assessment_score":63,"predicted_score":66,"cluster":0},{"student_id":26,"name":"Student_26","class":"A","comprehension":62,"attention":50,"focus":63,"retention":97,"engagement_time":149,"assessment_score":68,"predicted_score":66,"cluster":1},{"student_id":27,"name":"Student_27","class":"A","comprehension":81,"attention":67,"focus":68,"retention":94,"engagement_time":50,"assessment_score":65,"predicted_score":71,"cluster":0},{"student_id":28,"name":"Student_28","class":"C","comprehension":88,"attention":96,"focus":88,"retention":65,"engagement_time":167,"assessment_score":95,"predicted_score":87,"cluster":2},{"student_id":29,"name":"Student_29","class":"C","comprehension":98,"attention":64,"focus":85,"retention":76,"engagement_time":130,"assessment_score":86,"predicted_score":80,"cluster":0},{"student_id":30,"name":"Student_30","class":"C","comprehension":81,"attention":89,"focus":92,"retention":65,"engagement_time":128,"assessment_score":79,"predicted_score":82,"cluster":2},{"student_id":31,"name":"Student_31","class":"B","comprehension":53,"attention":62,"focus":70,"retention":92,"engagement_time":65,"assessment_score":54,"predicted_score":63,"cluster":1},{"student_id":32,"name":"Student_32","class":"C","comprehension":79,"attention":70,"focus":74,"retention":62,"engagement_time":125,"assessment_score":78,"predicted_score":71,"cluster":2},{"student_id":33,"name":"Student_33","class":"B","comprehension":86,"attention":69,"focus":99,"retention":48,"engagement_time":66,"assessment_score":73,"predicted_score":73,"cluster":0},{"student_id":34,"name":"Student_34","class":"B","comprehension":72,"attention":81,"focus":72,"retention":51,"engagement_time":41,"assessment_score":72,"predicted_score":66,"cluster":2},{"student_id":35,"name":"Student_35","class":"C","comprehension":88,"attention":74,"focus":91,"retention":92,"engagement_time":142,"assessment_score":76,"predicted_score":85,"cluster":0},{"student_id":36,"name":"Student_36","class":"B","comprehension":94,"attention":46,"focus":60,"retention":40,"engagement_time":42,"assessment_score":57,"predicted_score":57,"cluster":0},{"student_id":37,"name":"Student_37","class":"C","comprehension":64,"attention":99,"focus":71,"retention":97,"engagement_time":52,"assessment_score":75,"predicted_score":77,"cluster":2},{"student_id":38,"name":"Student_38","class":"C","comprehension":92,"attention":55,"focus":62,"retention":97,"engagement_time":128,"assessment_score":75,"predicted_score":74,"cluster":0},{"student_id":39,"name":"Student_39","class":"A","comprehension":78,"attention":65,"focus":72,"retention":40,"engagement_time":134,"assessment_score":64,"predicted_score":66,"cluster":2},{"student_id":40,"name":"Student_40","class":"C","comprehension":85,"attention":87,"focus":42,"retention":86,"engagement_time":59,"assessment_score":75,"predicted_score":71,"cluster":2},{"student_id":41,"name":"Student_41","class":"A","comprehension":62,"attention":96,"focus":57,"retention":73,"engagement_time":46,"assessment_score":62,"predicted_score":68,"cluster":2},{"student_id":42,"name":"Student_42","class":"C","comprehension":81,"attention":91,"focus":64,"retention":71,"engagement_time":142,"assessment_score":77,"predicted_score":78,"cluster":2},{"student_id":43,"name":"Student_43","class":"C","comprehension":56,"attention":99,"focus":81,"retention":93,"engagement_time":91,"assessment_score":77,"predicted_score":79,"cluster":1},{"student_id":44,"name":"Student_44","class":"A","comprehension":71,"attention":88,"focus":70,"retention":87,"engagement_time":113,"assessment_score":79,"predicted_score":77,"cluster":2},{"student_id":45,"name":"Student_45","class":"A","comprehension":77,"attention":41,"focus":93,"retention":64,"engagement_time":141,"assessment_score":72,"predicted_score":68,"cluster":0},{"student_id":46,"name":"Student_46","class":"C","comprehension":51,"attention":40,"focus":97,"retention":79,"engagement_time":115,"assessment_score":57,"predicted_score":64,"cluster":1},{"student_id":47,"name":"Student_47","class":"B","comprehension":91,"attention":87,"focus":42,"retention":84,"engagement_time":170,"assessment_score":71,"predicted_score":78,"cluster":2},{"student_id":48,"name":"Student_48","class":"A","comprehension":94,"attention":51,"focus":79,"retention":92,"engagement_time":48,"assessment_score":79,"predicted_score":73,"cluster":0},{"student_id":49,"name":"Student_49","class":"B","comprehension":55,"attention":44,"focus":85,"retention":40,"engagement_time":129,"assessment_score":59,"predicted_score":56,"cluster":1},{"student_id":50,"name":"Student_50","class":"B","comprehension":77,"attention":76,"focus":63,"retention":55,"engagement_time":169,"assessment_score":68,"predicted_score":71,"cluster":2},{"student_id":51,"name":"Student_51","class":"B","comprehension":77,"attention":71,"focus":89,"retention":78,"engagement_time":176,"assessment_score":87,"predicted_score":80,"cluster":1},{"student_id":52,"name":"Student_52","class":"A","comprehension":93,"attention":98,"focus":71,"retention":44,"engagement_time":105,"assessment_score":79,"predicted_score":78,"cluster":2},{"student_id":53,"name":"Student_53","class":"B","comprehension":93,"attention":94,"focus":86,"retention":61,"engagement_time":38,"assessment_score":86,"predicted_score":80,"cluster":0},{"student_id":54,"name":"Student_54","class":"A","comprehension":69,"attention":48,"focus":61,"retention":68,"engagement_time":57,"assessment_score":58,"predicted_score":57,"cluster":0},{"student_id":55,"name":"Student_55","class":"B","comprehension":79,"attention":80,"focus":62,"retention":94,"engagement_time":157,"assessment_score":88,"predicted_score":79,"cluster":2},{"student_id":56,"name":"Student_56","class":"C","comprehension":60,"attention":74,"focus":41,"retention":42,"engagement_time":81,"assessment_score":64,"predicted_score":53,"cluster":2},{"student_id":57,"name":"Student_57","class":"C","comprehension":77,"attention":58,"focus":66,"retention":51,"engagement_time":112,"assessment_score":63,"predicted_score":63,"cluster":0},{"student_id":58,"name":"Student_58","class":"A","comprehension":74,"attention":87,"focus":81,"retention":65,"engagement_time":140,"assessment_score":82,"predicted_score":78,"cluster":2},{"student_id":59,"name":"Student_59","class":"C","comprehension":88,"attention":55,"focus":41,"retention":55,"engagement_time":173,"assessment_score":68,"predicted_score":62,"cluster":2},{"student_id":60,"name":"Student_60","class":"C","comprehension":82,"attention":42,"focus":65,"retention":90,"engagement_time":146,"assessment_score":76,"predicted_score":68,"cluster":0},{"student_id":61,"name":"Student_61","class":"B","comprehension":50,"attention":59,"focus":56,"retention":76,"engagement_time":98,"assessment_score":52,"predicted_score":57,"cluster":1},{"student_id":62,"name":"Student_62","class":"A","comprehension":76,"attention":63,"focus":79,"retention":61,"engagement_time":128,"assessment_score":73,"predicted_score":70,"cluster":0},{"student_id":63,"name":"Student_63","class":"B","comprehension":62,"attention":93,"focus":72,"retention":96,"engagement_time":169,"assessment_score":84,"predicted_score":81,"cluster":1},{"student_id":64,"name":"Student_64","class":"B","comprehension":90,"attention":95,"focus":48,"retention":68,"engagement_time":54,"assessment_score":64,"predicted_score":72,"cluster":2},{"student_id":65,"name":"Student_65","class":"B","comprehension":52,"attention":72,"focus":82,"retention":53,"engagement_time":152,"assessment_score":60,"predicted_score":66,"cluster":1},{"student_id":66,"name":"Student_66","class":"B","comprehension":88,"attention":63,"focus":93,"retention":67,"engagement_time":82,"assessment_score":65,"predicted_score":75,"cluster":0},{"student_id":67,"name":"Student_67","class":"B","comprehension":55,"attention":91,"focus":87,"retention":44,"engagement_time":173,"assessment_score":71,"predicted_score":73,"cluster":1},{"student_id":68,"name":"Student_68","class":"B","comprehension":57,"attention":50,"focus":78,"retention":86,"engagement_time":86,"assessment_score":66,"predicted_score":63,"cluster":1},{"student_id":69,"name":"Student_69","class":"B","comprehension":76,"attention":88,"focus":68,"retention":88,"engagement_time":68,"assessment_score":83,"predicted_score":76,"cluster":2},{"student_id":70,"name":"Student_70","class":"A","comprehension":58,"attention":47,"focus":81,"retention":69,"engagement_time":138,"assessment_score":63,"predicted_score":63,"cluster":1},{"student_id":71,"name":"Student_71","class":"C","comprehension":86,"attention":75,"focus":94,"retention":85,"engagement_time":71,"assessment_score":88,"predicted_score":81,"cluster":0},{"student_id":72,"name":"Student_72","class":"B","comprehension":82,"attention":77,"focus":65,"retention":91,"engagement_time":171,"assessment_score":72,"predicted_score":80,"cluster":2},{"student_id":73,"name":"Student_73","class":"B","comprehension":91,"attention":79,"focus":74,"retention":44,"engagement_time":151,"assessment_score":67,"predicted_score":75,"cluster":2},{"student_id":74,"name":"Student_74","class":"B","comprehension":93,"attention":59,"focus":89,"retention":51,"engagement_time":162,"assessment_score":76,"predicted_score":76,"cluster":0},{"student_id":75,"name":"Student_75","class":"B","comprehension":73,"attention":74,"focus":64,"retention":55,"engagement_time":104,"assessment_score":69,"predicted_score":66,"cluster":2},{"student_id":76,"name":"Student_76","class":"B","comprehension":64,"attention":87,"focus":63,"retention":65,"engagement_time":175,"assessment_score":72,"predicted_score":72,"cluster":2},{"student_id":77,"name":"Student_77","class":"B","comprehension":81,"attention":64,"focus":52,"retention":65,"engagement_time":105,"assessment_score":55,"predicted_score":64,"cluster":2},{"student_id":78,"name":"Student_78","class":"C","comprehension":81,"attention":74,"focus":99,"retention":87,"engagement_time":38,"assessment_score":77,"predicted_score":79,"cluster":0},{"student_id":79,"name":"Student_79","class":"C","comprehension":73,"attention":64,"focus":97,"retention":60,"engagement_time":103,"assessment_score":65,"predicted_score":72,"cluster":0},{"student_id":80,"name":"Student_80","class":"B","comprehension":90,"attention":68,"focus":46,"retention":78,"engagement_time":174,"assessment_score":77,"predicted_score":72,"cluster":2},{"student_id":81,"name":"Student_81","class":"C","comprehension":98,"attention":57,"focus":96,"retention":75,"engagement_time":36,"assessment_score":78,"predicted_score":76,"cluster":0},{"student_id":82,"name":"Student_82","class":"A","comprehension":98,"attention":85,"focus":75,"retention":72,"engagement_time":170,"assessment_score":80,"predicted_score":85,"cluster":2},{"student_id":83,"name":"Student_83","class":"B","comprehension":61,"attention":57,"focus":84,"retention":69,"engagement_time":166,"assessment_score":65,"predicted_score":69,"cluster":1},{"student_id":84,"name":"Student_84","class":"A","comprehension":88,"attention":41,"focus":59,"retention":76,"engagement_time":56,"assessment_score":57,"predicted_score":61,"cluster":0},{"student_id":85,"name":"Student_85","class":"A","comprehension":51,"attention":93,"focus":40,"retention":62,"engagement_time":151,"assessment_score":63,"predicted_score":63,"cluster":2},{"student_id":86,"name":"Student_86","class":"B","comprehension":52,"attention":74,"focus":47,"retention":97,"engagement_time":34,"assessment_score":65,"predicted_score":60,"cluster":2},{"student_id":87,"name":"Student_87","class":"C","comprehension":98,"attention":55,"focus":85,"retention":49,"engagement_time":58,"assessment_score":65,"predicted_score":69,"cluster":0},{"student_id":88,"name":"Student_88","class":"A","comprehension":86,"attention":80,"focus":55,"retention":93,"engagement_time":112,"assessment_score":79,"predicted_score":76,"cluster":2},{"student_id":89,"name":"Student_89","class":"B","comprehension":98,"attention":75,"focus":53,"retention":44,"engagement_time":165,"assessment_score":71,"predicted_score":71,"cluster":2},{"student_id":90,"name":"Student_90","class":"A","comprehension":66,"attention":72,"focus":51,"retention":75,"engagement_time":138,"assessment_score":62,"predicted_score":66,"cluster":2},{"student_id":91,"name":"Student_91","class":"A","comprehension":98,"attention":43,"focus":90,"retention":73,"engagement_time":94,"assessment_score":73,"predicted_score":73,"cluster":0},{"student_id":92,"name":"Student_92","class":"A","comprehension":51,"attention":72,"focus":62,"retention":91,"engagement_time":115,"assessment_score":60,"predicted_score":66,"cluster":1},{"student_id":93,"name":"Student_93","class":"A","comprehension":51,"attention":53,"focus":54,"retention":70,"engagement_time":174,"assessment_score":56,"predicted_score":58,"cluster":1},{"student_id":94,"name":"Student_94","class":"C","comprehension":77,"attention":60,"focus":67,"retention":49,"engagement_time":100,"assessment_score":58,"predicted_score":62,"cluster":0},{"student_id":95,"name":"Student_95","class":"A","comprehension":72,"attention":87,"focus":73,"retention":97,"engagement_time":74,"assessment_score":86,"predicted_score":78,"cluster":2},{"student_id":96,"name":"Student_96","class":"A","comprehension":86,"attention":59,"focus":41,"retention":58,"engagement_time":161,"assessment_score":66,"predicted_score":63,"cluster":2},{"student_id":97,"name":"Student_97","class":"A","comprehension":81,"attention":95,"focus":71,"retention":97,"engagement_time":65,"assessment_score":77,"predicted_score":81,"cluster":2},{"student_id":98,"name":"Student_98","class":"C","comprehension":82,"attention":47,"focus":62,"retention":71,"engagement_time":99,"assessment_score":65,"predicted_score":63,"cluster":0},{"student_id":99,"name":"Student_99","class":"A","comprehension":50,"attention":46,"focus":61,"retention":40,"engagement_time":48,"assessment_score":47,"predicted_score":45,"cluster":1},{"student_id":100,"name":"Student_100","class":"A","comprehension":68,"attention":42,"focus":90,"retention":95,"engagement_time":137,"assessment_score":69,"predicted_score":71,"cluster":1},{"student_id":101,"name":"Student_101","class":"C","comprehension":51,"attention":56,"focus":64,"retention":44,"engagement_time":120,"assessment_score":58,"predicted_score":54,"cluster":1},{"student_id":102,"name":"Student_102","class":"C","comprehension":93,"attention":72,"focus":97,"retention":84,"engagement_time":119,"assessment_score":88,"predicted_score":85,"cluster":0},{"student_id":103,"name":"Student_103","class":"C","comprehension":75,"attention":87,"focus":61,"retention":43,"engagement_time":48,"assessment_score":63,"predicted_score":64,"cluster":2},{"student_id":104,"name":"Student_104","class":"A","comprehension":81,"attention":51,"focus":97,"retention":55,"engagement_time":68,"assessment_score":65,"predicted_score":68,"cluster":0},{"student_id":105,"name":"Student_105","class":"C","comprehension":55,"attention":98,"focus":97,"retention":63,"engagement_time":155,"assessment_score":76,"predicted_score":80,"cluster":1},{"student_id":106,"name":"Student_106","class":"C","comprehension":81,"attention":90,"focus":61,"retention":55,"engagement_time":170,"assessment_score":64,"predicted_score":75,"cluster":2},{"student_id":107,"name":"Student_107","class":"A","comprehension":53,"attention":61,"focus":88,"retention":94,"engagement_time":155,"assessment_score":63,"predicted_score":73,"cluster":1},{"student_id":108,"name":"Student_108","class":"C","comprehension":60,"attention":94,"focus":91,"retention":41,"engagement_time":87,"assessment_score":77,"predicted_score":71,"cluster":1},{"student_id":109,"name":"Student_109","class":"A","comprehension":66,"attention":61,"focus":81,"retention":88,"engagement_time":177,"assessment_score":82,"predicted_score":74,"cluster":1},{"student_id":110,"name":"Student_110","class":"B","comprehension":87,"attention":85,"focus":45,"retention":67,"engagement_time":90,"assessment_score":70,"predicted_score":70,"cluster":2},{"student_id":111,"name":"Student_111","class":"C","comprehension":73,"attention":69,"focus":54,"retention":71,"engagement_time":156,"assessment_score":71,"predicted_score":68,"cluster":2},{"student_id":112,"name":"Student_112","class":"B","comprehension":54,"attention":77,"focus":93,"retention":66,"engagement_time":134,"assessment_score":72,"predicted_score":73,"cluster":1},{"student_id":113,"name":"Student_113","class":"A","comprehension":83,"attention":77,"focus":82,"retention":59,"engagement_time":30,"assessment_score":86,"predicted_score":71,"cluster":0},{"student_id":114,"name":"Student_114","class":"C","comprehension":55,"attention":84,"focus":99,"retention":63,"engagement_time":160,"assessment_score":80,"predicted_score":77,"cluster":1},{"student_id":115,"name":"Student_115","class":"A","comprehension":71,"attention":90,"focus":76,"retention":51,"engagement_time":121,"assessment_score":72,"predicted_score":73,"cluster":2},{"student_id":116,"name":"Student_116","class":"B","comprehension":60,"attention":93,"focus":72,"retention":89,"engagement_time":142,"assessment_score":71,"predicted_score":78,"cluster":1},{"student_id":117,"name":"Student_117","class":"A","comprehension":97,"attention":47,"focus":47,"retention":74,"engagement_time":85,"assessment_score":58,"predicted_score":63,"cluster":0},{"student_id":118,"name":"Student_118","class":"C","comprehension":65,"attention":66,"focus":92,"retention":99,"engagement_time":146,"assessment_score":78,"predicted_score":79,"cluster":1},{"student_id":119,"name":"Student_119","class":"C","comprehension":82,"attention":66,"focus":99,"retention":72,"engagement_time":163,"assessment_score":76,"predicted_score":81,"cluster":0},{"student_id":120,"name":"Student_120","class":"B","comprehension":58,"attention":73,"focus":83,"retention":72,"engagement_time":87,"assessment_score":60,"predicted_score":69,"cluster":1}]